title,genre,year,director
The Dark Knight,"Action, Crime, Drama",2008.0,Christopher Nolan
The Lord of the Rings: The Return of the King,"Action, Adventure, Drama",2003.0,Peter Jackson
Inception,"Action, Adventure, Sci-Fi",2010.0,Christopher Nolan
The Lord of the Rings: The Fellowship of the Ring,"Action, Adventure, Drama",2001.0,Peter Jackson
The Lord of the Rings: The Two Towers,"Action, Adventure, Drama",2002.0,Peter Jackson
Hamilton,"Biography, Drama, History",2020.0,Thomas Kail
Gisaengchung,"Comedy, Drama, Thriller",2019.0,Bong Joon Ho
Soorarai Pottru,Drama,2020.0,Sudha Kongara
Interstellar,"Adventure, Drama, Sci-Fi",2014.0,Christopher Nolan
Cidade de Deus,"Crime, Drama",2002.0,Fernando Meirelles
Sen to Chihiro no kamikakushi,"Animation, Adventure, Family",2001.0,Hayao Miyazaki
Joker,"Crime, Drama, Thriller",2019.0,Todd Phillips
Whiplash,"Drama, Music",2014.0,Damien Chazelle
The Intouchables,"Biography, Comedy, Drama",2011.0,Olivier Nakache
The Prestige,"Drama, Mystery, Sci-Fi",2006.0,Christopher Nolan
The Departed,"Crime, Drama, Thriller",2006.0,Martin Scorsese
The Pianist,"Biography, Drama, Music",2002.0,Roman Polanski
Gladiator,"Action, Adventure, Drama",2000.0,Ridley Scott
Capharnaüm,Drama,2018.0,Nadine Labaki
Ayla: The Daughter of War,"Biography, Drama, History",2017.0,Can Ulkay
Vikram Vedha,"Action, Crime, Drama",2017.0,Gayatri
Kimi no na wa.,"Animation, Drama, Fantasy",2016.0,Makoto Shinkai
Dangal,"Action, Biography, Drama",2016.0,Nitesh Tiwari
Spider-Man: Into the Spider-Verse,"Animation, Action, Adventure",2018.0,Bob Persichetti
Avengers: Endgame,"Action, Adventure, Drama",2019.0,Anthony Russo
Avengers: Infinity War,"Action, Adventure, Sci-Fi",2018.0,Anthony Russo
Coco,"Animation, Adventure, Family",2017.0,Lee Unkrich
Django Unchained,"Drama, Western",2012.0,Quentin Tarantino
The Dark Knight Rises,"Action, Adventure",2012.0,Christopher Nolan
3 Idiots,"Comedy, Drama",2009.0,Rajkumar Hirani
Taare Zameen Par,"Drama, Family",2007.0,Aamir Khan
WALL·E,"Animation, Adventure, Family",2008.0,Andrew Stanton
The Lives of Others,"Drama, Mystery, Thriller",2006.0,Florian Henckel von Donnersmarck
Oldeuboi,"Action, Drama, Mystery",2003.0,Chan-wook Park
Memento,"Mystery, Thriller",2000.0,Christopher Nolan
1917,"Drama, Thriller, War",2019.0,Sam Mendes
Tumbbad,"Drama, Fantasy, Horror",2018.0,Rahi Anil Barve
Andhadhun,"Crime, Drama, Music",2018.0,Sriram Raghavan
Drishyam,"Crime, Drama, Thriller",2013.0,Jeethu Joseph
Jagten,Drama,2012.0,Thomas Vinterberg
Jodaeiye Nader az Simin,Drama,2011.0,Asghar Farhadi
Incendies,"Drama, Mystery, War",2010.0,Denis Villeneuve
Miracle in cell NO.7,Drama,2019.0,Mehmet Ada Öztekin
Babam ve Oglum,"Drama, Family",2005.0,Çagan Irmak
Inglourious Basterds,"Adventure, Drama, War",2009.0,Quentin Tarantino
Eternal Sunshine of the Spotless Mind,"Drama, Romance, Sci-Fi",2004.0,Michel Gondry
Amélie,"Comedy, Romance",2001.0,Jean-Pierre Jeunet
Snatch,"Comedy, Crime",2000.0,Guy Ritchie
Requiem for a Dream,Drama,2000.0,Darren Aronofsky
Chhichhore,"Comedy, Drama",2019.0,Nitesh Tiwari
Uri: The Surgical Strike,"Action, Drama, War",2018.0,Aditya Dhar
K.G.F: Chapter 1,"Action, Drama",2018.0,Prashanth Neel
Green Book,"Biography, Comedy, Drama",2018.0,Peter Farrelly
"Three Billboards Outside Ebbing, Missouri","Comedy, Crime, Drama",2017.0,Martin McDonagh
Talvar,"Crime, Drama, Mystery",2015.0,Meghna Gulzar
Baahubali 2: The Conclusion,"Action, Drama",2017.0,S.S. Rajamouli
Klaus,"Animation, Adventure, Comedy",2019.0,Sergio Pablos
Drishyam,"Crime, Drama, Mystery",2015.0,Nishikant Kamat
Queen,"Adventure, Comedy, Drama",2013.0,Vikas Bahl
Mandariinid,"Drama, War",2013.0,Zaza Urushadze
Bhaag Milkha Bhaag,"Biography, Drama, Sport",2013.0,Rakeysh Omprakash Mehra
Gangs of Wasseypur,"Action, Comedy, Crime",2012.0,Anurag Kashyap
Udaan,Drama,2010.0,Vikramaditya Motwane
Paan Singh Tomar,"Action, Biography, Crime",2012.0,Tigmanshu Dhulia
El secreto de sus ojos,"Drama, Mystery, Romance",2009.0,Juan José Campanella
Warrior,"Action, Drama, Sport",2011.0,Gavin O'Connor
Shutter Island,"Mystery, Thriller",2010.0,Martin Scorsese
Up,"Animation, Adventure, Comedy",2009.0,Pete Docter
The Wolf of Wall Street,"Biography, Crime, Drama",2013.0,Martin Scorsese
Chak De! India,"Drama, Family, Sport",2007.0,Shimit Amin
There Will Be Blood,Drama,2007.0,Paul Thomas Anderson
Pan's Labyrinth,"Drama, Fantasy, War",2006.0,Guillermo del Toro
Toy Story 3,"Animation, Adventure, Comedy",2010.0,Lee Unkrich
V for Vendetta,"Action, Drama, Sci-Fi",2005.0,James McTeigue
Rang De Basanti,"Comedy, Crime, Drama",2006.0,Rakeysh Omprakash Mehra
Black,Drama,2005.0,Sanjay Leela Bhansali
Batman Begins,"Action, Adventure",2005.0,Christopher Nolan
"Swades: We, the People",Drama,2004.0,Ashutosh Gowariker
Der Untergang,"Biography, Drama, History",2004.0,Oliver Hirschbiegel
Hauru no ugoku shiro,"Animation, Adventure, Family",2004.0,Hayao Miyazaki
A Beautiful Mind,"Biography, Drama",2001.0,Ron Howard
Hera Pheri,"Action, Comedy, Crime",2000.0,Priyadarshan
Portrait de la jeune fille en feu,"Drama, Romance",2019.0,Céline Sciamma
Pink,"Drama, Thriller",2016.0,Aniruddha Roy Chowdhury
Koe no katachi,"Animation, Drama, Family",2016.0,Naoko Yamada
Contratiempo,"Crime, Drama, Mystery",2016.0,Oriol Paulo
Ah-ga-ssi,"Drama, Romance, Thriller",2016.0,Chan-wook Park
Mommy,Drama,2014.0,Xavier Dolan
Haider,"Action, Crime, Drama",2014.0,Vishal Bhardwaj
Logan,"Action, Drama, Sci-Fi",2017.0,James Mangold
Room,"Drama, Thriller",2015.0,Lenny Abrahamson
Relatos salvajes,"Comedy, Drama, Thriller",2014.0,Damián Szifron
Soul,"Animation, Adventure, Comedy",2020.0,Pete Docter
Kis Uykusu,Drama,2014.0,Nuri Bilge Ceylan
PK,"Comedy, Drama, Musical",2014.0,Rajkumar Hirani
OMG: Oh My God!,"Comedy, Drama, Fantasy",2012.0,Umesh Shukla
The Grand Budapest Hotel,"Adventure, Comedy, Crime",2014.0,Wes Anderson
Gone Girl,"Drama, Mystery, Thriller",2014.0,David Fincher
Ôkami kodomo no Ame to Yuki,"Animation, Drama, Fantasy",2012.0,Mamoru Hosoda
Hacksaw Ridge,"Biography, Drama, History",2016.0,Mel Gibson
Inside Out,"Animation, Adventure, Comedy",2015.0,Pete Docter
Barfi!,"Comedy, Drama, Romance",2012.0,Anurag Basu
12 Years a Slave,"Biography, Drama, History",2013.0,Steve McQueen
Rush,"Action, Biography, Drama",2013.0,Ron Howard
Ford v Ferrari,"Action, Biography, Drama",2019.0,James Mangold
Spotlight,"Biography, Crime, Drama",2015.0,Tom McCarthy
Song of the Sea,"Animation, Adventure, Drama",2014.0,Tomm Moore
Kahaani,"Mystery, Thriller",2012.0,Sujoy Ghosh
Zindagi Na Milegi Dobara,"Comedy, Drama",2011.0,Zoya Akhtar
Prisoners,"Crime, Drama, Mystery",2013.0,Denis Villeneuve
Mad Max: Fury Road,"Action, Adventure, Sci-Fi",2015.0,George Miller
A Wednesday,"Action, Crime, Drama",2008.0,Neeraj Pandey
Gran Torino,Drama,2008.0,Clint Eastwood
Harry Potter and the Deathly Hallows: Part 2,"Adventure, Drama, Fantasy",2011.0,David Yates
Okuribito,"Drama, Music",2008.0,Yôjirô Takita
Hachi: A Dog's Tale,"Biography, Drama, Family",2009.0,Lasse Hallström
Mary and Max,"Animation, Comedy, Drama",2009.0,Adam Elliot
How to Train Your Dragon,"Animation, Action, Adventure",2010.0,Dean DeBlois
Into the Wild,"Adventure, Biography, Drama",2007.0,Sean Penn
No Country for Old Men,"Crime, Drama, Thriller",2007.0,Ethan Coen
Lage Raho Munna Bhai,"Comedy, Drama, Romance",2006.0,Rajkumar Hirani
Million Dollar Baby,"Drama, Sport",2004.0,Clint Eastwood
Hotel Rwanda,"Biography, Drama, History",2004.0,Terry George
Taegukgi hwinalrimyeo,"Action, Drama, War",2004.0,Je-kyu Kang
Before Sunset,"Drama, Romance",2004.0,Richard Linklater
Munna Bhai M.B.B.S.,"Comedy, Drama, Musical",2003.0,Rajkumar Hirani
Salinui chueok,"Crime, Drama, Mystery",2003.0,Bong Joon Ho
Dil Chahta Hai,"Comedy, Drama, Romance",2001.0,Farhan Akhtar
Kill Bill: Vol. 1,"Action, Crime, Drama",2003.0,Quentin Tarantino
Finding Nemo,"Animation, Adventure, Comedy",2003.0,Andrew Stanton
Catch Me If You Can,"Biography, Crime, Drama",2002.0,Steven Spielberg
Amores perros,"Drama, Thriller",2000.0,Alejandro G. Iñárritu
"Monsters, Inc.","Animation, Adventure, Comedy",2001.0,Pete Docter
Lagaan: Once Upon a Time in India,"Adventure, Drama, Musical",2001.0,Ashutosh Gowariker
Fa yeung nin wah,"Drama, Romance",2000.0,Kar-Wai Wong
Badhaai ho,"Comedy, Drama",2018.0,Amit Ravindernath Sharma
Togo,"Adventure, Biography, Drama",2019.0,Ericson Core
Airlift,"Drama, History",2016.0,Raja Menon
Bajrangi Bhaijaan,"Action, Adventure, Comedy",2015.0,Kabir Khan
Baby,"Action, Crime, Thriller",2015.0,Neeraj Pandey
La La Land,"Comedy, Drama, Music",2016.0,Damien Chazelle
Lion,"Biography, Drama",2016.0,Garth Davis
The Martian,"Adventure, Drama, Sci-Fi",2015.0,Ridley Scott
Zootopia,"Animation, Adventure, Comedy",2016.0,Byron Howard
Bãhubali: The Beginning,"Action, Drama",2015.0,S.S. Rajamouli
Kaguyahime no monogatari,"Animation, Adventure, Drama",2013.0,Isao Takahata
Wonder,"Drama, Family",2017.0,Stephen Chbosky
Gully Boy,"Drama, Music, Romance",2019.0,Zoya Akhtar
Special Chabbis,"Crime, Drama, Thriller",2013.0,Neeraj Pandey
Short Term 12,Drama,2013.0,Destin Daniel Cretton
Serbuan maut 2: Berandal,"Action, Crime, Thriller",2014.0,Gareth Evans
The Imitation Game,"Biography, Drama, Thriller",2014.0,Morten Tyldum
Guardians of the Galaxy,"Action, Adventure, Comedy",2014.0,James Gunn
Blade Runner 2049,"Action, Drama, Mystery",2017.0,Denis Villeneuve
Her,"Drama, Romance, Sci-Fi",2013.0,Spike Jonze
Bohemian Rhapsody,"Biography, Drama, Music",2018.0,Bryan Singer
The Revenant,"Action, Adventure, Drama",2015.0,Alejandro G. Iñárritu
The Perks of Being a Wallflower,"Drama, Romance",2012.0,Stephen Chbosky
Tropa de Elite 2: O Inimigo Agora é Outro,"Action, Crime, Drama",2010.0,José Padilha
The King's Speech,"Biography, Drama, History",2010.0,Tom Hooper
The Help,Drama,2011.0,Tate Taylor
Deadpool,"Action, Adventure, Comedy",2016.0,Tim Miller
Darbareye Elly,"Drama, Mystery",2009.0,Asghar Farhadi
Dev.D,"Drama, Romance",2009.0,Anurag Kashyap
Yip Man,"Action, Biography, Drama",2008.0,Wilson Yip
My Name Is Khan,Drama,2010.0,Karan Johar
Nefes: Vatan Sagolsun,"Action, Drama, Thriller",2009.0,Levent Semerci
Slumdog Millionaire,"Drama, Romance",2008.0,Danny Boyle
Black Swan,"Drama, Thriller",2010.0,Darren Aronofsky
Tropa de Elite,"Action, Crime, Drama",2007.0,José Padilha
The Avengers,"Action, Adventure, Sci-Fi",2012.0,Joss Whedon
Persepolis,"Animation, Biography, Drama",2007.0,Vincent Paronnaud
Dallas Buyers Club,"Biography, Drama",2013.0,Jean-Marc Vallée
The Pursuit of Happyness,"Biography, Drama",2006.0,Gabriele Muccino
Blood Diamond,"Adventure, Drama, Thriller",2006.0,Edward Zwick
The Bourne Ultimatum,"Action, Mystery, Thriller",2007.0,Paul Greengrass
Bin-jip,"Crime, Drama, Romance",2004.0,Ki-duk Kim
Sin City,"Crime, Thriller",2005.0,Frank Miller
Le scaphandre et le papillon,"Biography, Drama",2007.0,Julian Schnabel
G.O.R.A.,"Adventure, Comedy, Sci-Fi",2004.0,Ömer Faruk Sorak
Ratatouille,"Animation, Adventure, Comedy",2007.0,Brad Bird
Casino Royale,"Action, Adventure, Thriller",2006.0,Martin Campbell
Kill Bill: Vol. 2,"Action, Crime, Thriller",2004.0,Quentin Tarantino
Vozvrashchenie,Drama,2003.0,Andrey Zvyagintsev
Bom Yeoareum Gaeul Gyeoul Geurigo Bom,"Drama, Romance",2003.0,Ki-duk Kim
Mar adentro,"Biography, Drama",2014.0,Alejandro Amenábar
Cinderella Man,"Biography, Drama, History",2005.0,Ron Howard
Kal Ho Naa Ho,"Comedy, Drama, Musical",2003.0,Nikkhil Advani
Mou gaan dou,"Action, Crime, Drama",2002.0,Andrew Lau
Pirates of the Caribbean: The Curse of the Black Pearl,"Action, Adventure, Fantasy",2003.0,Gore Verbinski
Big Fish,"Adventure, Drama, Fantasy",2003.0,Tim Burton
The Incredibles,"Animation, Action, Adventure",2004.0,Brad Bird
Yeopgijeogin geunyeo,"Comedy, Drama, Romance",2001.0,Jae-young Kwak
Dogville,"Crime, Drama",2003.0,Lars von Trier
Vizontele,"Comedy, Drama",2001.0,Yilmaz Erdogan
Donnie Darko,"Drama, Mystery, Sci-Fi",2001.0,Richard Kelly
Dancer in the Dark,"Crime, Drama, Musical",2000.0,Lars von Trier
Knives Out,"Comedy, Crime, Drama",2019.0,Rian Johnson
Dil Bechara,"Comedy, Drama, Romance",2020.0,Mukesh Chhabra
Manbiki kazoku,"Crime, Drama",2018.0,Hirokazu Koreeda
Marriage Story,"Comedy, Drama, Romance",2019.0,Noah Baumbach
Call Me by Your Name,"Drama, Romance",2017.0,Luca Guadagnino
"I, Daniel Blake",Drama,2016.0,Ken Loach
Isle of Dogs,"Animation, Adventure, Comedy",2018.0,Wes Anderson
Hunt for the Wilderpeople,"Adventure, Comedy, Drama",2016.0,Taika Waititi
Captain Fantastic,"Comedy, Drama",2016.0,Matt Ross
Sing Street,"Comedy, Drama, Music",2016.0,John Carney
Thor: Ragnarok,"Action, Adventure, Comedy",2017.0,Taika Waititi
Nightcrawler,"Crime, Drama, Thriller",2014.0,Dan Gilroy
Jojo Rabbit,"Comedy, Drama, War",2019.0,Taika Waititi
Arrival,"Drama, Sci-Fi",2016.0,Denis Villeneuve
Star Wars: Episode VII - The Force Awakens,"Action, Adventure, Sci-Fi",2015.0,J.J. Abrams
Before Midnight,"Drama, Romance",2013.0,Richard Linklater
X-Men: Days of Future Past,"Action, Adventure, Sci-Fi",2014.0,Bryan Singer
Bir Zamanlar Anadolu'da,"Crime, Drama",2011.0,Nuri Bilge Ceylan
The Artist,"Comedy, Drama, Romance",2011.0,Michel Hazanavicius
Edge of Tomorrow,"Action, Adventure, Sci-Fi",2014.0,Doug Liman
Amour,"Drama, Romance",2012.0,Michael Haneke
The Irishman,"Biography, Crime, Drama",2019.0,Martin Scorsese
Un prophète,"Crime, Drama",2009.0,Jacques Audiard
Moon,"Drama, Mystery, Sci-Fi",2009.0,Duncan Jones
Låt den rätte komma in,"Crime, Drama, Fantasy",2008.0,Tomas Alfredson
District 9,"Action, Sci-Fi, Thriller",2009.0,Neill Blomkamp
The Wrestler,"Drama, Sport",2008.0,Darren Aronofsky
Jab We Met,"Comedy, Drama, Romance",2007.0,Imtiaz Ali
Boyhood,Drama,2014.0,Richard Linklater
"4 luni, 3 saptamâni si 2 zile",Drama,2007.0,Cristian Mungiu
Star Trek,"Action, Adventure, Sci-Fi",2009.0,J.J. Abrams
In Bruges,"Comedy, Crime, Drama",2008.0,Martin McDonagh
The Man from Earth,"Drama, Fantasy, Mystery",2007.0,Richard Schenkman
Letters from Iwo Jima,"Action, Adventure, Drama",2006.0,Clint Eastwood
The Fall,"Adventure, Drama, Fantasy",2006.0,Tarsem Singh
Life of Pi,"Adventure, Drama, Fantasy",2012.0,Ang Lee
Fantastic Mr. Fox,"Animation, Adventure, Comedy",2009.0,Wes Anderson
C.R.A.Z.Y.,"Comedy, Drama",2005.0,Jean-Marc Vallée
Les choristes,"Drama, Music",2004.0,Christophe Barratier
Iron Man,"Action, Adventure, Sci-Fi",2008.0,Jon Favreau
Shaun of the Dead,"Comedy, Horror",2004.0,Edgar Wright
Gegen die Wand,"Drama, Romance",2004.0,Fatih Akin
Mystic River,"Crime, Drama, Mystery",2003.0,Clint Eastwood
Harry Potter and the Prisoner of Azkaban,"Adventure, Family, Fantasy",2004.0,Alfonso Cuarón
Ying xiong,"Action, Adventure, History",2002.0,Yimou Zhang
Hable con ella,"Drama, Mystery, Romance",2002.0,Pedro Almodóvar
No Man's Land,"Comedy, Drama, War",2001.0,Danis Tanovic
Cowboy Bebop: Tengoku no tobira,"Animation, Action, Crime",2001.0,Shin'ichirô Watanabe
The Bourne Identity,"Action, Mystery, Thriller",2002.0,Doug Liman
Nueve reinas,"Crime, Drama, Thriller",2000.0,Fabián Bielinsky
Children of Men,"Adventure, Drama, Sci-Fi",2006.0,Alfonso Cuarón
Almost Famous,"Adventure, Comedy, Drama",2000.0,Cameron Crowe
Mulholland Dr.,"Drama, Mystery, Thriller",2001.0,David Lynch
The Gentlemen,"Action, Comedy, Crime",2019.0,Guy Ritchie
Raazi,"Action, Drama, Thriller",2018.0,Meghna Gulzar
Sound of Metal,"Drama, Music",2019.0,Darius Marder
Forushande,Drama,2016.0,Asghar Farhadi
Dunkirk,"Action, Drama, History",2017.0,Christopher Nolan
Perfetti sconosciuti,"Comedy, Drama",2016.0,Paolo Genovese
Hidden Figures,"Biography, Drama, History",2016.0,Theodore Melfi
Paddington 2,"Adventure, Comedy, Family",2017.0,Paul King
Udta Punjab,"Action, Crime, Drama",2016.0,Abhishek Chaubey
Kubo and the Two Strings,"Animation, Action, Adventure",2016.0,Travis Knight
M.S. Dhoni: The Untold Story,"Biography, Drama, Sport",2016.0,Neeraj Pandey
Manchester by the Sea,Drama,2016.0,Kenneth Lonergan
Under sandet,"Drama, History, War",2015.0,Martin Zandvliet
Rogue One,"Action, Adventure, Sci-Fi",2016.0,Gareth Edwards
Captain America: Civil War,"Action, Adventure, Sci-Fi",2016.0,Anthony Russo
The Hateful Eight,"Crime, Drama, Mystery",2015.0,Quentin Tarantino
Little Women,"Drama, Romance",2019.0,Greta Gerwig
Loving Vincent,"Animation, Biography, Crime",2017.0,Dorota Kobiela
Pride,"Biography, Comedy, Drama",2014.0,Matthew Warchus
Le passé,"Drama, Mystery",2013.0,Asghar Farhadi
La grande bellezza,Drama,2013.0,Paolo Sorrentino
The Lunchbox,"Drama, Romance",2013.0,Ritesh Batra
Vicky Donor,"Comedy, Romance",2012.0,Shoojit Sircar
Big Hero 6,"Animation, Action, Adventure",2014.0,Don Hall
About Time,"Comedy, Drama, Fantasy",2013.0,Richard Curtis
English Vinglish,"Comedy, Drama, Family",2012.0,Gauri Shinde
Kaze tachinu,"Animation, Biography, Drama",2013.0,Hayao Miyazaki
Toy Story 4,"Animation, Adventure, Comedy",2019.0,Josh Cooley
La migliore offerta,"Crime, Drama, Mystery",2013.0,Giuseppe Tornatore
Moonrise Kingdom,"Comedy, Drama, Romance",2012.0,Wes Anderson
How to Train Your Dragon 2,"Animation, Action, Adventure",2014.0,Dean DeBlois
The Big Short,"Biography, Comedy, Drama",2015.0,Adam McKay
Kokuhaku,"Drama, Thriller",2010.0,Tetsuya Nakashima
Ang-ma-reul bo-at-da,"Action, Crime, Drama",2010.0,Jee-woon Kim
The Girl with the Dragon Tattoo,"Crime, Drama, Mystery",2011.0,David Fincher
Captain Phillips,"Adventure, Biography, Crime",2013.0,Paul Greengrass
Ajeossi,"Action, Crime, Drama",2010.0,Jeong-beom Lee
Straight Outta Compton,"Biography, Drama, History",2015.0,F. Gary Gray
Madeo,"Crime, Drama, Mystery",2009.0,Bong Joon Ho
Chugyeokja,"Action, Crime, Thriller",2008.0,Hong-jin Na
The Hobbit: The Desolation of Smaug,"Adventure, Fantasy",2013.0,Peter Jackson
Das weiße Band - Eine deutsche Kindergeschichte,"Drama, History, Mystery",2009.0,Michael Haneke
Män som hatar kvinnor,"Crime, Drama, Mystery",2009.0,Niels Arden Oplev
The Trial of the Chicago 7,"Drama, History, Thriller",2020.0,Aaron Sorkin
Druk,"Comedy, Drama",2020.0,Thomas Vinterberg
The Fighter,"Biography, Drama, Sport",2010.0,David O. Russell
Taken,"Action, Thriller",2008.0,Pierre Morel
The Boy in the Striped Pyjamas,"Drama, History, War",2008.0,Mark Herman
Once,"Drama, Music, Romance",2007.0,John Carney
The Hobbit: An Unexpected Journey,"Adventure, Fantasy",2012.0,Peter Jackson
Auf der anderen Seite,Drama,2007.0,Fatih Akin
Atonement,"Drama, Mystery, Romance",2007.0,Joe Wright
Drive,"Crime, Drama",2011.0,Nicolas Winding Refn
American Gangster,"Biography, Crime, Drama",2007.0,Ridley Scott
Avatar,"Action, Adventure, Fantasy",2009.0,James Cameron
Mr. Nobody,"Drama, Fantasy, Romance",2009.0,Jaco Van Dormael
Apocalypto,"Action, Adventure, Drama",2006.0,Mel Gibson
Little Miss Sunshine,"Comedy, Drama",2006.0,Jonathan Dayton
Hot Fuzz,"Action, Comedy, Mystery",2007.0,Edgar Wright
The Curious Case of Benjamin Button,"Drama, Fantasy, Romance",2008.0,David Fincher
Veer-Zaara,"Drama, Family, Musical",2004.0,Yash Chopra
Adams æbler,"Comedy, Crime, Drama",2005.0,Anders Thomas Jensen
Pride & Prejudice,"Drama, Romance",2005.0,Joe Wright
The World's Fastest Indian,"Biography, Drama, Sport",2005.0,Roger Donaldson
Tôkyô goddofâzâzu,"Animation, Adventure, Comedy",2003.0,Satoshi Kon
Serenity,"Action, Adventure, Sci-Fi",2005.0,Joss Whedon
Walk the Line,"Biography, Drama, Music",2005.0,James Mangold
Ondskan,Drama,2003.0,Mikael Håfström
The Notebook,"Drama, Romance",2004.0,Nick Cassavetes
Diarios de motocicleta,"Adventure, Biography, Drama",2004.0,Walter Salles
Lilja 4-ever,"Crime, Drama",2002.0,Lukas Moodysson
Les triplettes de Belleville,"Animation, Comedy, Drama",2003.0,Sylvain Chomet
Gongdong gyeongbi guyeok JSA,"Action, Drama, Thriller",2000.0,Chan-wook Park
The Count of Monte Cristo,"Action, Adventure, Drama",2002.0,Kevin Reynolds
Waking Life,"Animation, Drama, Fantasy",2001.0,Richard Linklater
Remember the Titans,"Biography, Drama, Sport",2000.0,Boaz Yakin
Wo hu cang long,"Action, Adventure, Fantasy",2000.0,Ang Lee
Cast Away,"Adventure, Drama, Romance",2000.0,Robert Zemeckis
Shrek,"Animation, Adventure, Comedy",2001.0,Andrew Adamson
Roma,Drama,2018.0,Alfonso Cuarón
God's Own Country,"Drama, Romance",2017.0,Francis Lee
Deadpool 2,"Action, Adventure, Comedy",2018.0,David Leitch
Wind River,"Crime, Drama, Mystery",2017.0,Taylor Sheridan
Get Out,"Horror, Mystery, Thriller",2017.0,Jordan Peele
Mission: Impossible - Fallout,"Action, Adventure, Thriller",2018.0,Christopher McQuarrie
En man som heter Ove,"Comedy, Drama, Romance",2015.0,Hannes Holm
What We Do in the Shadows,"Comedy, Horror",2014.0,Jemaine Clement
Omoide no Mânî,"Animation, Drama, Family",2014.0,James Simone
The Theory of Everything,"Biography, Drama, Romance",2014.0,James Marsh
Kingsman: The Secret Service,"Action, Adventure, Comedy",2014.0,Matthew Vaughn
The Fault in Our Stars,"Drama, Romance",2014.0,Josh Boone
Me and Earl and the Dying Girl,"Comedy, Drama",2015.0,Alfonso Gomez-Rejon
Birdman or (The Unexpected Virtue of Ignorance),"Comedy, Drama",2014.0,Alejandro G. Iñárritu
La vie d'Adèle,"Drama, Romance",2013.0,Abdellatif Kechiche
Kai po che!,"Drama, Sport",2013.0,Abhishek Kapoor
The Broken Circle Breakdown,"Drama, Music, Romance",2012.0,Felix van Groeningen
Captain America: The Winter Soldier,"Action, Adventure, Sci-Fi",2014.0,Anthony Russo
Rockstar,"Drama, Music, Musical",2011.0,Imtiaz Ali
Nebraska,"Adventure, Comedy, Drama",2013.0,Alexander Payne
Wreck-It Ralph,"Animation, Adventure, Comedy",2012.0,Rich Moore
Le Petit Prince,"Animation, Adventure, Drama",2015.0,Mark Osborne
Detachment,Drama,2011.0,Tony Kaye
Midnight in Paris,"Comedy, Fantasy, Romance",2011.0,Woody Allen
The Lego Movie,"Animation, Action, Adventure",2014.0,Christopher Miller
Gravity,"Drama, Sci-Fi, Thriller",2013.0,Alfonso Cuarón
Star Trek Into Darkness,"Action, Adventure, Sci-Fi",2013.0,J.J. Abrams
Beasts of No Nation,"Drama, War",2015.0,Cary Joji Fukunaga
The Social Network,"Biography, Drama",2010.0,David Fincher
X: First Class,"Action, Adventure, Sci-Fi",2011.0,Matthew Vaughn
The Hangover,Comedy,2009.0,Todd Phillips
Skyfall,"Action, Adventure, Thriller",2012.0,Sam Mendes
Silver Linings Playbook,"Comedy, Drama, Romance",2012.0,David O. Russell
Argo,"Biography, Drama, Thriller",2012.0,Ben Affleck
(500) Days of Summer,"Comedy, Drama, Romance",2009.0,Marc Webb
Harry Potter and the Deathly Hallows: Part 1,"Adventure, Family, Fantasy",2010.0,David Yates
Gake no ue no Ponyo,"Animation, Adventure, Comedy",2008.0,Hayao Miyazaki
Frost/Nixon,"Biography, Drama, History",2008.0,Ron Howard
Papurika,"Animation, Drama, Fantasy",2006.0,Satoshi Kon
Changeling,"Biography, Crime, Drama",2008.0,Clint Eastwood
Flipped,"Comedy, Drama, Romance",2010.0,Rob Reiner
Toki o kakeru shôjo,"Animation, Adventure, Comedy",2006.0,Mamoru Hosoda
Death Note: Desu nôto,"Crime, Drama, Fantasy",2006.0,Shûsuke Kaneko
This Is England,"Crime, Drama",2006.0,Shane Meadows
Ex Machina,"Drama, Sci-Fi, Thriller",2014.0,Alex Garland
Efter brylluppet,Drama,2006.0,Susanne Bier
The Last King of Scotland,"Biography, Drama, History",2006.0,Kevin Macdonald
Zodiac,"Crime, Drama, Mystery",2007.0,David Fincher
Lucky Number Slevin,"Action, Crime, Drama",2006.0,Paul McGuigan
Joyeux Noël,"Drama, History, Music",2005.0,Christian Carion
Control,"Biography, Drama, Music",2007.0,Anton Corbijn
Tangled,"Animation, Adventure, Comedy",2010.0,Nathan Greno
Zwartboek,"Drama, Thriller, War",2006.0,Paul Verhoeven
Brokeback Mountain,"Drama, Romance",2005.0,Ang Lee
3:10 to Yuma,"Action, Crime, Drama",2007.0,James Mangold
Crash,"Crime, Drama, Thriller",2004.0,Paul Haggis
Kung fu,"Action, Comedy, Fantasy",2004.0,Stephen Chow
The Bourne Supremacy,"Action, Mystery, Thriller",2004.0,Paul Greengrass
The Machinist,"Drama, Thriller",2004.0,Brad Anderson
Ray,"Biography, Drama, Music",2004.0,Taylor Hackford
Lost in Translation,"Comedy, Drama",2003.0,Sofia Coppola
Harry Potter and the Goblet of Fire,"Adventure, Family, Fantasy",2005.0,Mike Newell
Man on Fire,"Action, Crime, Drama",2004.0,Tony Scott
Coraline,"Animation, Drama, Family",2009.0,Henry Selick
The Last Samurai,"Action, Drama",2003.0,Edward Zwick
The Magdalene Sisters,Drama,2002.0,Peter Mullan
Good Bye Lenin!,"Comedy, Drama, Romance",2003.0,Wolfgang Becker
In America,Drama,2002.0,Jim Sheridan
I Am Sam,Drama,2001.0,Jessie Nelson
Adaptation.,"Comedy, Drama",2002.0,Spike Jonze
Black Hawk Down,"Drama, History, War",2001.0,Ridley Scott
Road to Perdition,"Crime, Drama, Thriller",2002.0,Sam Mendes
Das Experiment,"Drama, Thriller",2001.0,Oliver Hirschbiegel
Billy Elliot,"Drama, Music",2000.0,Stephen Daldry
Hedwig and the Angry Inch,"Comedy, Drama, Music",2001.0,John Cameron Mitchell
Ocean's Eleven,"Crime, Thriller",2001.0,Steven Soderbergh
Vampire Hunter D: Bloodlust,"Animation, Action, Fantasy",2000.0,Yoshiaki Kawajiri
"O Brother, Where Art Thou?","Adventure, Comedy, Crime",2000.0,Joel Coen
Interstate 60: Episodes of the Road,"Adventure, Comedy, Drama",2002.0,Bob Gale
Training Day,"Crime, Drama, Thriller",2001.0,Antoine Fuqua
Dark Waters,"Biography, Drama, History",2019.0,Todd Haynes
Searching,"Drama, Mystery, Thriller",2018.0,Aneesh Chaganty
Once Upon a Time... in Hollywood,"Comedy, Drama",2019.0,Quentin Tarantino
Nelyubov,Drama,2017.0,Andrey Zvyagintsev
The Florida Project,Drama,2017.0,Sean Baker
Just Mercy,"Biography, Crime, Drama",2019.0,Destin Daniel Cretton
Gifted,Drama,2017.0,Marc Webb
The Peanut Butter Falcon,"Adventure, Comedy, Drama",2019.0,Tyler Nilson
Victoria,"Crime, Drama, Romance",2015.0,Sebastian Schipper
Mustang,Drama,2015.0,Deniz Gamze Ergüven
Guardians of the Galaxy Vol. 2,"Action, Adventure, Comedy",2017.0,James Gunn
Baby Driver,"Action, Crime, Drama",2017.0,Edgar Wright
Only the Brave,"Action, Biography, Drama",2017.0,Joseph Kosinski
Bridge of Spies,"Drama, History, Thriller",2015.0,Steven Spielberg
Incredibles 2,"Animation, Action, Adventure",2018.0,Brad Bird
Moana,"Animation, Adventure, Comedy",2016.0,Ron Clements
Sicario,"Action, Crime, Drama",2015.0,Denis Villeneuve
Creed,"Drama, Sport",2015.0,Ryan Coogler
Leviafan,"Crime, Drama",2014.0,Andrey Zvyagintsev
Hell or High Water,"Action, Crime, Drama",2016.0,David Mackenzie
Philomena,"Biography, Comedy, Drama",2013.0,Stephen Frears
Dawn of the Planet of the Apes,"Action, Adventure, Drama",2014.0,Matt Reeves
El cuerpo,"Mystery, Thriller",2012.0,Oriol Paulo
Serbuan maut,"Action, Thriller",2011.0,Gareth Evans
End of Watch,"Action, Crime, Drama",2012.0,David Ayer
Kari-gurashi no Arietti,"Animation, Adventure, Family",2010.0,Hiromasa Yonebayashi
A Star Is Born,"Drama, Music, Romance",2018.0,Bradley Cooper
True Grit,"Drama, Western",2010.0,Ethan Coen
Hævnen,"Drama, Romance",2010.0,Susanne Bier
Despicable Me,"Animation, Comedy, Crime",2010.0,Pierre Coffin
50/50,"Comedy, Drama, Romance",2011.0,Jonathan Levine
Kick-Ass,"Action, Comedy, Crime",2010.0,Matthew Vaughn
Celda 211,"Action, Adventure, Crime",2009.0,Daniel Monzón
Moneyball,"Biography, Drama, Sport",2011.0,Bennett Miller
La piel que habito,"Drama, Horror, Thriller",2011.0,Pedro Almodóvar
Zombieland,"Adventure, Comedy, Fantasy",2009.0,Ruben Fleischer
Die Welle,"Drama, Thriller",2008.0,Dennis Gansel
Sherlock Holmes,"Action, Adventure, Mystery",2009.0,Guy Ritchie
The Blind Side,"Biography, Drama, Sport",2009.0,John Lee Hancock
The Visitor,Drama,2007.0,Tom McCarthy
Seven Pounds,Drama,2008.0,Gabriele Muccino
Eastern Promises,"Action, Crime, Drama",2007.0,David Cronenberg
Stardust,"Adventure, Family, Fantasy",2007.0,Matthew Vaughn
The Secret of Kells,"Animation, Adventure, Family",2009.0,Tomm Moore
Inside Man,"Crime, Drama, Mystery",2006.0,Spike Lee
Gone Baby Gone,"Crime, Drama, Mystery",2007.0,Ben Affleck
La Vie En Rose,"Biography, Drama, Music",2007.0,Olivier Dahan
Huo Yuan Jia,"Action, Biography, Drama",2006.0,Ronny Yu
The Illusionist,"Drama, Fantasy, Mystery",2006.0,Neil Burger
Dead Man's Shoes,"Crime, Drama, Thriller",2004.0,Shane Meadows
Harry Potter and the Half-Blood Prince,"Action, Adventure, Family",2009.0,David Yates
300,"Action, Drama",2006.0,Zack Snyder
Match Point,"Drama, Romance, Thriller",2005.0,Woody Allen
Watchmen,"Action, Drama, Mystery",2009.0,Zack Snyder
Lord of War,"Action, Crime, Drama",2005.0,Andrew Niccol
Saw,"Horror, Mystery, Thriller",2004.0,James Wan
"Synecdoche, New York",Drama,2008.0,Charlie Kaufman
Mysterious Skin,Drama,2004.0,Gregg Araki
Jeux d'enfants,"Comedy, Drama, Romance",2003.0,Yann Samuell
Un long dimanche de fiançailles,"Drama, Mystery, Romance",2004.0,Jean-Pierre Jeunet
The Station Agent,"Comedy, Drama",2003.0,Tom McCarthy
21 Grams,"Crime, Drama, Thriller",2003.0,Alejandro G. Iñárritu
Boksuneun naui geot,"Crime, Drama, Thriller",2002.0,Chan-wook Park
Finding Neverland,"Biography, Drama, Family",2004.0,Marc Forster
25th Hour,Drama,2002.0,Spike Lee
The Butterfly Effect,"Drama, Sci-Fi, Thriller",2004.0,Eric Bress
28 Days Later...,"Drama, Horror, Sci-Fi",2002.0,Danny Boyle
Batoru rowaiaru,"Action, Adventure, Drama",2000.0,Kinji Fukasaku
The Royal Tenenbaums,"Comedy, Drama",2001.0,Wes Anderson
Y tu mamá también,Drama,2001.0,Alfonso Cuarón
Harry Potter and the Sorcerer's Stone,"Adventure, Family, Fantasy",2001.0,Chris Columbus
The Others,"Horror, Mystery, Thriller",2001.0,Alejandro Amenábar
Blow,"Biography, Crime, Drama",2001.0,Ted Demme
Enemy at the Gates,"Drama, History, War",2001.0,Jean-Jacques Annaud
Minority Report,"Action, Crime, Mystery",2002.0,Steven Spielberg
American Psycho,"Comedy, Crime, Drama",2000.0,Mary Harron
